1.4723353162624693	2.2054604667901545	88.96880615579222	0	xg529y7248oplnqo0ky8j2
1.7519115858758898	4.284296093681391	531.4476353102087	0	mp5o69ogbzhdgb8ye0mdey
1.930102605027486	5.674990526978095	605.4037035033413	0	2rshwp28otjsz8l152dkpj
1.2589726213806625	1.6196590992282627	23.12355013689863	2	ij3sj2ut53yi1ejhb1itcx
2.8336831631216235	42.100456855450815	307.8428377920438	2	gv5iv3clbkdt7cn9h8q93h
1.5155820392066572	3.2354607259656043	201.1404703333116	0	iuahpbmmvr5t2xw4phzn1g
1.3767712065842512	2.688442965645823	56.46964780925966	2	a29n0rh0b4lzejwe0fi4j6
1.5438921081857402	3.028574364046159	266.2256673513326	1	sd1hisiki7czsz5oum0n2n
1.4254356932529124	2.4589469164710596	41.404630581917345	0	c4khg3vbrv0kel9j18xxut
1.249428617469461	2.2927409894410253	43.55633103360289	0	rlassl5w5kx1tb2o5nslwg
8.905239059000852	19.052029243248654	2679.907021459481	0	nvbqalh1q353rcesfhh8y0
54.605420606261475	54.605420606261475	91.19105241245666	2	fq9qyfg746xlpc4pr1kdcm
58.533283712332526	58.533283712332526	125.31976042810393	2	5fp6bedrt3uhzem2dsf18b
57.35228271076653	57.35228271076653	127.55147674874478	2	b11lmj4wuxc44jjebed0uu
21.15283982752148	43.955102401159444	12764.977333675433	1	hs1dvgfn43ha95mhjf4hc5
22.5151843590227	35.30333534318381	14615.686896290887	0	nct4q0aybjz09jfi4vhj1x
8.787679206646292	38.679759296688594	5491.983147702493	2	6uew8yhcufpx6uw6kkljjs
3.6916703777843214	8.605168823534182	420.20068908092264	2	ek1h6tgb3gmbd9ptqe5rhr
8.410985119224827	23.336347745675976	5312.344557361924	0	6nbxwf61tcoqu6mglytntv
17.249231391932522	102.63076364596596	6256.313475085315	2	3mwqnis4l66xklg701owtj
1.763742111219155	4.458391630028449	384.71272052545606	0	jrz127w0s400wyje7zs4sw
1.4996081531073437	3.267374671469863	203.2463918150976	2	4s9w2jt143n4i04kwa2jk1
1.8820633626678431	2.9422078932810254	517.804564717353	2	ez6vxka3zu8kkclll6skjg
1.4909301948212066	5.54784983451817	199.81446470993816	0	hgn71sds389mhonb3dsst1
1.871320294465548	3.3671846927567652	584.025964660636	2	9d62rh2fexjv163do608tw
1.8517477148237822	4.2140703962063055	393.93340186075227	0	cppb13uf1ygvj03c2zfw2k
1.7153813606887147	8.006641545782257	93.44196886079635	1	78j0qxmity09gnqamihxye
1.960747608742617	3.0204011061354357	1384.683882789253	0	hwx3rxqujn8r0k0b2dlr4t
0.5249967557463228	3.4195664746477052	23.516704676900776	0	ddv378ot3bssf3o7vfxg52
1.5647944153226543	2.7254430016212416	152.09801716936204	1	f5lmmw2v9gorp587dsvopw
1.3764751484064839	2.8255905825982555	371.8988085467604	0	hpjjfbgrxle6yy2jdhbm3j
1.4185108628202505	2.9569864137172144	641.3186906570751	2	7mio1u097nf0urfvfjyg9a
1.5018815758952646	2.4635234105813435	79.5982216408731	0	icdep751lodqnbw1fzr8a9
1.599066014922542	3.575009909685513	618.3348419803232	2	ocgbs2r9ewja71q2xcy0bn
1.3140519207083354	2.241980069746738	292.85749536058375	2	pgxt9zlq9ixp5z00lnbkhr
1.3588622848294525	3.916939734229036	455.9037320094206	1	dkyj7niu0azges5lx33d5g
1.3960286081447864	3.05303588520357	92.59997360685183	0	jx4y6bcsud02jgngp1y1a8
1.5757851303624941	4.023755915444728	575.0670254744884	2	hbxyars3dackfak1japi8l
1.555403221112261	5.992169833117496	1056.6787322948248	0	840by2f3ovqtwzdwsmtpsv
1.368518996263122	2.915402312969223	207.03639634966646	2	7i3hjs4rz071cw6p31m2a9
1.5586699032955116	15.641992854619959	625.7124459789502	0	pyxap8cw0hyogxi73wey7w
1.135244750365854	2.3937249991358134	46.835657421093664	2	rz6e8rqte9vi8c03d7mhf7
1.5162160034676126	3.3140293324837167	1027.8079557826143	2	is2646p75qjqgdnb62w3r7
1.462075381662888	3.911884802798647	278.6203951065884	0	ieiewj0w2jkf75ko6hkqru
1.5939567878682883	3.973694004533082	174.35655719776068	2	dbsg3g4zhgay7el0fvotia
1.6543031342560963	3.569149235918308	161.09107630445587	1	21vnpzu74e0xt55iqsoizf
1.5607094881661276	14.496153583687475	1045.8314280201223	1	cxv5x9ir54jztytebjgwsp
1.5873866819371554	14.191772149476051	586.5743014827817	1	nzsmrank4cozgrjv9dqnzm
1.272102959981116	2.590569047943421	67.96464484291107	0	lfgvldw0hy39277nljfxl0
0.8871370665203556	1.7336446023922505	34.84585683585306	0	236zm6wdvpt89fdefr2zjf
0.9066046910637638	3.2044281679566344	163.6765977152699	0	70cdytdrniv9cdxldltle7
1.1060513661556597	2.224701372432278	36.78395028423877	0	3hb0z0ej5a4wgfk2ptyg6i
1.003398661373534	3.074625306990811	161.38463389799648	0	u8ybk56f1ig1t0x1oo9c7i
1.075608655384611	5.602570193987873	397.21474717294916	0	b3it7293u0stgcwzg11r7f
1.05702281483547	2.854982512006768	711.8932385407264	0	mrpiwo9zu07zcsh3lpwwew
1.0800159635459168	2.4399276669102186	366.0487305086541	0	9bpidly5zvpdo640eqc70h
1.0824501684933228	3.1861334857619537	634.9966598930697	0	4lcyb9mytxdrqfayv3p18u
0.7614376819737975	1.9787856571447435	185.67657874931052	0	22w8vl75l6ds08klzrpont
1.0201653147675547	3.22012034210005	596.7610033530032	0	m6y03d9mj0wfplrs737j9d
1.130945515221384	3.8090713910973193	254.76696526840595	0	ull7ikx9x9axwul91adbyt
1.4433107236620801	3.7084311777113634	450.60016461657824	1	tbxyqxter56gpyl7e7igx2
1.2019074142733492	4.25647163336361	62.37058144888692	0	arzk8sca8y9ux6pi0vcxzw
1.4476568699819214	3.742879534490347	695.6136025950129	1	ucvv6acjfjwmvvclabyvgu
1.1318526591243998	1.6244253627530216	50.21351136939489	0	xzmlqr9nqcwgslxckuqd7i
1.6804625587860822	3.6661065116954217	558.2412597159428	1	vbstzch4xkz80oh5gsm2re
1.5932320082034375	2.4131625557082454	336.3519889478525	1	6959dfjdujh8fik7n61ss3
1.8075245462873109	118.80662460318507	476.11823321299426	1	yqfoz30dlov0jlb9wminq3
1.5041939317846558	3.1968587635264005	140.81661911795237	1	y9jsogrc1jo0wb2ekcnk2y
3.5422345650280893	10.731538892305469	32.135151973934825	1	yw9180s5x40qm246wkarvb
1.499477481015124	3.506428365169691	364.9158387348027	1	73qwlz3bkdg09t5cct1t6a
1.532964894235112	3.390267440795425	87.10153232554482	1	qszapogrjq7ym1zwpqahqd
1.4458172849630018	4.5022430300782545	1011.5487136169435	1	2n8jsgc3zesrzem52hwdjc
1.0981847499660162	3.865213642122445	145.56548679274533	0	m09p7j1qh191vmj3f341rz
1.109448858797598	2.9075668333017397	190.3625635390682	0	5eqr15w5toov8j03mnottz
1.202781769538152	4.305775364973875	437.9220172529152	0	l209b830umsm9x98hcmktf
1.172651848903532	2.773948609273006	379.2191908095176	0	z6yz039vhumsm2oy04vay1
1.312054680620292	1.9836885226030145	68.628332124525	0	lp29myeqfqnomjw8p5hdpb
1.676193371231378	3.4179328009145515	687.9131119401003	1	l79ro924nt7etn1wjgoowc
1.7042955627497571	3.498726815242664	577.6641638117793	1	7moqeuthtzib0fapj9cnpc
1.4255040117275257	2.6580849121756454	191.0303671075939	1	l7gkwu2g79echgqt4mlff4
1.564118271432787	3.4907692165421706	50.43812189889309	1	5uq69y1trfg72rgwo9mjbk
1.6524268295624047	6.010692326585933	954.489657133302	1	nd5s6hj86ugq3pb60u2d0m
1.4247357334468533	2.362440685904892	226.3149970508323	1	uolsj0l442o2gbd372mr3g
1.1738184434341443	3.3206363628381985	194.37611750359022	0	fofqbd9laqcjk07hymcrnw
2.057289794668084	48.064018580587046	260.36442454380875	1	jo6891ozx5no5fb9qfiscb
115.93194841809115	214.7523374418108	3642.929615141679	2	4qu9wac1d74jaj291e2m42
57.28656580009874	170.30415862640837	4107.103048472279	2	rd7zxdazi3fu7b4ck0j9af
90.4359170880287	191.9430425834133	2748.166648471017	2	mxyphpkr5p0c4y6gi23yds
29.97704070677107	83.02631617540787	1868.8586487822292	2	1m8tak4c47w1ar6antjypp
27.972564144724917	163.56595190560614	1686.2141392081628	2	e3rdadf81vexae8fdmlmqh
24.71147816374568	64.22826868163982	898.5834804682844	2	qoon60k9p05k3g9lnnmam8
15.74061509708591	16.898149911756395	731.3247180257085	2	rjjfmga7i3sknu4jg2tn5d
62.091813760691956	62.176152819473096	710.516624863598	2	2dvxgas2zd3xbyz7kdr8do
57.424679041990345	169.92558547752282	1399.3245788952206	2	xc25s2d6g4wron6lr9r94b
43.7178574406629	215.5974681089478	2853.639426581831	2	qpjg2qbbxrply4055hj3l2
18.81231968146722	40.226758684922046	841.0611883190365	2	obn20hmd2t10lbgzfqdo9k
100.37761316513432	100.49239302577993	459.3279578436546	2	xnkwf28vu950z9nr0iedol
28.88233139375663	100.64311723123397	1289.8271553823834	2	i7wor93rn70v0itp5dmha4
4.680302678425619	18.849043607907483	297.64852913715566	1	z5cpf7bpslvka4gjqyi1nb
1.7732456528853968	4.186153457830534	855.5555626041462	1	H-6AK-zTSVGAdhfNbwHcOQ
1.2982499402081547	2.6374255779291897	132.142370164087	0	GFTjI9gBTTmkAW5axEuv5w
1.1343650104707386	3.077551316979677	184.01555763355285	0	ogxS5g4lRBy_kRTiOMYC6A
0.480298060862153	1.5005953676077326	70.24743378557675	0	d308WKVOQbeL152NCI2cAA
0.30174470564750616	1.312356410476711	10.755086543394063	0	OHqx1ElkSRmwd0mLZTNXug
1.637910996148073	2.888000013816739	192.43652502644088	1	DjIWWCNSQT-7F_6z2hT40g
1.7456945963442163	3.3027944106398937	557.0982794475406	1	wCrlydvhSIS-QWAwbcyj0g
1.7357494424523356	5.745605304268675	821.3427501729058	1	wsqt650hRA2mq5GgIPw_cw
1.5799277506582796	2.9274690384934314	550.0091883424122	1	Ty5CEIsOQd-eavCNmLE4Tg
1.280411851681662	2.118943137929475	136.81456717588895	0	CPQz7-w3QfCAdtcNAwPzPw
1.6729257161101352	3.914676104086593	949.0239919378229	1	5w4tfiogTqmOzxPlJfyjrA
1.8216946900553177	2.6397273716631675	365.1805609578691	1	8L7B3iWFTteKTfUxDyylOA
1.3648956610338079	2.5115997983046507	109.27491151802766	0	PSo3J2bOTom9ncR5INod4w
1.7417262605391703	2.6072944116747596	160.15347138283724	1	zrrmBVfuTJ67_fESQYs7sw
0.2865560320062165	0.3404673765460275	6.905140703253799	0	QH1NPTKQQtWvOBcoIlWYMA
1.6995214664272122	2.5940730719703535	643.0190453871348	1	mo1MjeGrSKa9qTlo94nknA
1.5245201472415748	3.5769295115248285	1188.6576871632246	1	TJCyD-rOSN-dhGzUXBpMpw
0.6130966232626051	0.9984558846980468	9.224038696985893	0	oXRTLfVfRQKl4K-8btiEnA
1.6273418605272714	8.58931165048723	1050.1757775377844	1	a2ruto9NTbenskTx3ZDe9Q
1.4751266859253587	2.9582195999119905	661.359773494461	1	u6Y4neOrTZKvzhceo64FlQ
1.6845987862388538	4.93284993762898	904.7558931192325	1	Be6jkZT-RciOsT8BJZPm4Q
1.6231014546351687	3.2634947989915104	732.8481608837801	1	RksjsJqzQBWRBKgL2z1iNg
17.85683340863058	26.204645281428306	9782.098339081696	2	ZSbgtGDwR5a3sfK4qCMDJw
7.322181176143502	21.81694971063973	5396.916146413038	2	HgZqKcroQ0CecBY5JVRrDQ
24.11578031732769	119.67461969554472	9523.08048950953	2	opaee3yt5ibwwdjaw0z1lu
147.47892386355636	183.09966012678234	331.09018407368404	2	2deums7d6mhkcd4q4wufor
25.955337675018338	170.60373030036226	5644.818748238338	2	evw7jjuijoc5bgrmjtglv0
1.302809470256546	2.6373504990278476	99.26756758619752	0	qPwsKNKTSvubdBPWQ8yhcQ
1.3225294689494826	2.3487974707059998	223.42812848432555	0	49gkaUKFRmWidKzfKuvp4w
1.239558883487284	3.0901998874520205	810.1112291853472	0	EehP428qS1uOJO4zkOduEg
1.4226831510581746	6.776542282867141	939.659458343507	1	qNPxcaYLQDmTaTs5IqfzkA
1.9268145533356662	4.6358976789353346	409.72555387950945	1	wa_HeiBTSKeuJwcbb4uL3A
1.6515438563640032	5.019745474988041	283.5387008044284	1	7KKhm4aIRCaCbtfdWafiLQ
1.215156843391544	3.5208491765665104	371.9181944294764	0	1q2P3LgbSAi7HKSi9cYw5w
0.8854544126882805	1.9028314034960863	99.03541969594609	0	drPOr7hrQGqCjFxN-ySjrg
1.2138524062897458	13.84041681147443	971.0309432307328	0	8FKWT4JZQN--9jYX5RyAkQ
1.0069474572011086	1.7049767130365843	144.48386979141546	0	pAHSzOJ1QWqW6BKtB8b6WQ
1.2183938368762348	2.8666762922983176	1253.2971651212288	0	V7yBpBWmRYus4AOPXUgctA
1.406824287617612	2.905979165778682	315.9952441875175	1	-NXsHSEnRXertLZYg1JjuQ
1.1760309324048124	2.983508940537858	109.27444217719035	0	jZvlCrT8SL2UwWX3rjmy6g
1.1025125488654655	2.3139994545601317	466.94824233353944	0	W98QHatATTm2cMHauWoCqg
1.2717130585203542	2.100510249343088	358.0597136178153	0	Wxi4hnD5SG6y-HpMB90dag
1.5690886686788617	4.826861043647913	1358.9108105979976	1	CKytcMNdQF6ytyi8Zl_3XA
1.5511901864415867	3.1492035444185404	612.1710023184268	1	El0ibvTcQtmomduYfsUmNA
1.859630002119497	11.349746582068718	355.1818918848155	1	mRmbCRv_QS2yZWSEkS-2Pg
1.5419847364170929	9.21283902545372	550.0629631136511	1	vhHBrj7UTa-H19QwwYhC4A
1.628984378389944	2.6428194278681287	1727.9582112521603	1	6jWixLucTuOqvZHMazDxhA
1.5970544839638636	4.238489592319018	1140.423068854433	1	2nX-XGmkRe-TpbIfR4Q8vA
1.5369991929456641	4.248247300864299	1190.6456468105166	1	add04R4aR86gf4afRxxmhw
1.89907342276322	8.198014755098626	458.580653835171	1	YJuqq7m7RNS0pEhFS3j8rA
1.0736962591414883	1.6602582398358783	21.066994300615143	0	UoyWH1neQyq-G3kxA3b0mQ
1.420428202453244	2.401400339671893	211.93498994703629	1	e60VZZAnQEKeb97yln1Ppg
1.39661464461811	2.49851370727839	55.41766909844661	0	jk1Z7GfNTLymyR4pLsE-rw
1.5784754707265936	2.7279312417951282	346.88892639781767	1	3rD6N-FnQnyoa3YwxbdCqg
1.4535399344905688	2.1479787851983945	369.0523358272209	1	7MxBgjFYQPOEbzH1HVctUw
1.559439306718208	2.933485262197479	369.54189195232027	1	gWQg_EEETyKgYwJxN-8nkw
1.5908574403690265	3.164956021800576	257.84935564989246	1	_rmUHJXKStOHsdtKZ-SDzw
1.6230032620128674	2.77262786812755	532.5511913544962	1	4KgaKNU6QXWWtayJvmusWg
1.7000098355053246	2.828858472608051	676.9065162818392	1	nOQRSgY8SkeCV435AiEiXA
1.4621323794815546	2.1025870845840307	179.89345730951305	1	DHUjqmHnQumq1aJ-akcN3g
1.4256989372024707	2.360320561301294	88.39190840761597	1	iiFObaWlRHCM0GYgkXZ76Q
1.5802726329983643	1.8185630740940795	33.228392654056606	1	4KtlDRI-RXy4GAI5UNpchw
1.5297125897274295	2.7431022529423528	263.24823956619326	1	j47GwESjSDy1AxeTqA33LQ
1.489346742219204	2.5228290193615295	663.618653357806	1	BpoYYy50SIWTF6VzkjaU-A
1.587958376127928	2.3482070694823123	123.1461720687208	1	LouAJqlrQlmmtGvqGwTHew
1.652225288481905	4.886469226999126	419.62226541690336	1	9zQHhuCrT4-UWaYl3tb_Bg
1.1748137036895252	2.186088879654586	78.70899370608711	0	a4djJFT6QaiS712NjOP-zg
1.8266148721823023	3.0535062709294047	885.9319590017549	1	Nl2QlPRMTjyaFydiiojPlg
9.361002152603726	11.913099323654857	328.1218474530658	2	gZ8qFmt1Roet4cdQl8Yj4w
10.035906617328704	24.44872626373936	7818.7540556152135	2	i0GLECjbStCL-x2URN1iGA
1.0955412728641716	2.763326537317266	701.1332681377957	0	WFAvSkoEQYaduC9C8-5RQw
1.0029005843682073	2.188294839605627	750.2388372477405	0	2erqQJdxTM63h2PLMIRZvA
8.85688696005244	14.078408986268132	2104.4229123693403	2	3n2JjfgwShy0OQSi-E8VGw
7.133160666471212	17.22691981548353	6156.688036516637	2	x9vKB6dJTBSj5QLZa11wZw
3.4822228549108343	7.133984676381246	264.69420587033727	1	8o3Q217lTYGbKcr1tdIzlg
1.1776785223314272	3.2381064424920623	2158.6211367933024	0	zqF8fRztRyiPAabtdHDIfg
0.7448330698327207	1.3417818542622755	17.727027062018752	0	2v3F-wp0TkGzFV-VzVldlQ
1.2559649093742704	2.4152732158082326	331.5270094082513	0	eW3c1eTVQRyC9KchxZVdRg
1.4171157290253809	2.7599020354992936	517.077187206781	1	1W4osgEYTaSyBdAm_-yVQA
1.4702740056256196	2.925013616295622	295.38392882620946	1	q1QKUAhhQHOJkK35NzWXqg
1.3394769643743973	3.312731825558382	1614.1862765670483	0	K1pPls1qQ_qHaSJt7Tbsjg
1.3873946393163639	2.604589136404861	154.97614339555577	0	mvEay5jGRqS_qwLldGFUYA
0.9493265442110148	1.360516474375287	32.20685233890289	0	ngck-gmQSBCZ-MbmqW1p-A
1.1692832533973176	1.9431487925032287	240.20702802866444	0	3wmAG3kERni5gUkIc79vHQ
1.0007511391958828	2.8436681992758714	446.61721990261685	0	EQsEh516QE--EM5PSK45IA
6.46399090199036	27.83886098977163	5119.972057684915	2	sCJWGk_7QGSevFdX-1-fIA
23.646030010474572	27.217920353194735	3938.0098379444335	2	oQuQICcPSSy20ygk2jNMrw
8.459231383149246	17.279356349306877	6412.046633038827	2	U4jXcO-LQi6EQVUpeK8bhg
10.336517235717485	20.1401359485184	5290.084809998909	2	SSoaH2MWQMagKxydRarBIw
9.238651468303264	11.499576484274213	521.281670447543	2	XWVyWHhzQymoKLvQvT2AGg
11.40007961890287	13.642430510358947	506.1977353181442	2	vI904jrRTzaiVzu1WToPww
1.1761117005732602	2.5235119404407476	801.0543837072499	0	QYI-MlShRSSbXpNMfJpUNg
12.452605421835768	23.617361336238638	8206.304330806044	2	cbIEqj76QJ2QcHCOWOrWUA
6.935419954760488	17.496117628332627	2780.6317933020296	2	nVE5kUKuRoCIURUmfWEROA
13.057307370249148	18.842379814104024	2398.235644693662	2	PQPwRYmaTz-L5bxfH7cXjw
15.94995250327662	21.34606025805578	9732.46961806935	2	FdRaqJ27TNSlPLW7p_PxbA
16.41941841611763	26.89394678797043	11474.907593124792	2	rhQSDY4FSNCWSQkZgTLVfg
6.709390998683326	16.878341871383146	3624.815580948654	2	iITCDq-oSGqZYTnB-31j8g
3.7256739059249346	166.34363649119942	2484.1675902534944	1	LGOSnzZ-Z931Na2Y4Nno9A
4.860387860953845	149.26000810082374	774.5028056429841	1	PBghDORxq22pobIiShxpng
4.150063789700872	133.30069996546817	276.4772496698735	1	CdrCbMgSJtvex9eRiUa2cg
4.038780284050449	123.11294137970923	271.3656472853491	1	xW6MD-SNDvycIRE70W-fYw
3.995535628665673	139.7492769934895	267.1415121325876	1	xPbYsaEhw20G0pjmkRm-PA
3.7572168818931537	130.14328378543735	250.26821650290333	1	PMXW996uorW-ucxykF0y6A
3.4983429586243777	32.52445298448118	234.73881252369677	1	qjlYQFAApduqH0vTDijmFw
3.656686504102782	37.17200999736892	228.54290650642534	1	WkOgI9QuzdNzW8ubmmfDaA
3.526332008263972	10.588195018596128	1546.3706385959254	1	THZ924HkSV6XWdMSLZ0NZw
3.255068508096328	12.500791473399472	1659.8147684429555	1	KL-Gs9KES0ab8BnN-JZ1dQ
3.3220120560851085	13.169064879409335	2942.3891283759867	1	nD8ZAm0WTZ6l02Wj03crZQ
3.39579325736654	13.234293058215961	2257.8561452364984	1	cyo3XAFxQheE20hptabStQ
3.3228552085407763	11.451604867390575	2084.3473237926232	1	8Qm0oG8BRzqv3b0A8yU67Q
4.09492558582084	15.78386328009567	2548.1902935445914	1	GkunFojARBqdg1-jzOWAMQ
4.65232329537899	13.237933288766563	2893.4054701251703	1	ZdslYZDqQqq8GxbXYQG3sw
3.2288086265091667	12.133292089162103	2013.5593220895255	1	XfEc2ohBRVm79PU5vomwWw
2.7024077959251476	9.395787006421205	362.41180228813374	1	55A7Ya_jRS-jfgcjsigZeA
3.703815868599796	12.358050435721193	2261.0573618565113	1	cWl1YykmTjeXZrCaY8OBSQ
4.442408982869688	12.422060076958331	477.443463024937	1	Cj1hHd38Sm29Mgt9RRFGzQ
4.556047279967591	13.769592740976824	2900.9810966683235	1	ugxVqE6zSbut1std9kWrfw
3.444827370444879	13.24719791914765	2112.8676435255165	1	tf1U4qsIQtKq2m05VK8csA
2.7802584158564567	11.683168306102722	1685.1313074010936	1	v1Iw_5hISdmjAmp7RtJvKA
3.745922013980261	12.901303897927779	1241.1738001122187	1	vKzTE_CLTU6I2r9b7J6iow
3.497837444044873	14.20491361580274	2202.738645525152	1	NY3kYtoGQVy4cMytCNcxcQ
5.141482899661941	14.423284248666192	3169.4465675650076	2	qROB2b3NQ8Obe8YUVaa0MQ
3.221987329065181	4.36899578628503	277.0522464516568	1	1pa5yEQjTSyWoOjWF-a3kQ
3.7022405632257454	13.917679696841574	2262.62061797485	1	1ewwNniMSNuNGRAStESdKw
3.265253909664719	12.454010959106503	1919.9692988828533	1	q74IHTKzTMSQrwFUidiuBw
2.1914844926685326	12.072943813061972	1347.6796865804274	1	GcgX2sq-R9Ku3BfA2MwAWg
3.133122001584438	11.276354488412393	1967.5222889449876	1	slFiyCk1RX2z825GV1xGYQ
2.1013328064349865	4.850601903431089	1300.2543086346145	1	3zxjbDTKQbi8KfYKNAOweQ
3.7980882696968115	13.485644455279079	1076.8301881361701	1	4AybIHAkSSWxIZoSFFBLVg
4.870658894308769	17.71951952941969	3061.8958779771588	1	TN-oQuxDSKufn5zweW8nFw
4.078485547869148	13.385624802119967	2486.069415102472	1	Nyq4Mp0rRyW-TLghUwHwrw
3.94956130206918	18.42617667626903	2424.698876321103	1	R1MfjHINTFeBz08GvVmJqA
3.8080822758866475	17.715680188982418	2348.4557637861244	1	oNlfF5llRjOxJ0942FZc6Q
0.7572991603631234	5.4119821301489575	212.9760001680815	0	BnKjkkTRQMSW4YRa7SflFw
4.424019783216807	13.2068334708574	2691.591332188238	1	Jo9Q7F2eSGW59rZ-Q1ySBQ
2.7743572370115204	10.117176346159635	349.30544792593537	1	IVVt7Ta7SFaIo4k2SOe-wA
1.108230904317816	2.109224509965271	18.556218261897513	0	9G7TpjGSRsmYwB8RUENDGg
1.6016367632281372	4.856273475274207	961.4529391452716	1	HrTVx8pfT7qhTmu5KGSwGQ
1.3622551780913295	3.250437144370205	813.5292565698954	0	LVx0TVDiT1qsvP2YLChdEg
1.4950117133675613	6.332318912979255	897.785929123202	1	IC4irardRcqQ2aYsllwhbQ
1.6334612502512893	10.009577410986441	987.3962900131496	1	LrAUAxEsSTWv19IzCIQYdQ
1.6752888713910055	2.500134861464813	316.81387846875293	1	KBM9dkSLTxe6NxC8GB1jzQ
1.435626813049509	4.043314762484915	874.7087540424957	1	eISZaYADRoyiZ58yzH7Now
1.5628722951871126	3.1497392765471437	962.2385919345728	1	dOaV0SysQteQSkB0UbzaLg
1.6310216945190974	4.536351058546532	994.1044607660015	1	H0vtdT-2QhW3GvwspB_55Q
1.5163782967023194	3.372735666452613	929.9705473147849	1	RpyY1P9CRfWG8ts85j-RSg
1.5773505437462143	7.208873561099126	964.0104036148492	1	qtIHRbQiTxi1x6RB7cXdAQ
1.515557815077373	4.556938988877846	618.6916201755907	1	rCiRKOVQQhSapgJzmQtGsw
1.34526701214876	6.6190134481106915	802.2284584227185	0	8hISacWXSouz-fwCTVw7sA
1.6898961289100303	3.2758839418715135	173.37658324165352	1	mJ_1lDHjQQqmxWdA0l-HoA
1.7625367338133116	5.626137110565655	1058.4473720732378	1	P8RLmanOTsG4xFWyN3DLPw
3.479022948331201	11.910726008128862	2100.968042405419	1	cAb_hkMBRhGheYf419rGuw
3.5163500809504398	13.150860203165117	2166.8768940340083	1	CsHd0qvbQlq4Bwp4_uTELA
3.2471322939846075	12.101108799295098	2024.4311229492903	1	-vCapzrZTB2UBS8HruTCeg
1.5479729914630775	3.9447642107539704	203.95472946320925	1	FYaR4aEGQS2EHrt3ZHxDYg
3.4874940995659016	11.394867079626389	1041.0972010847115	1	Gy5DjMkCTTO-kvQ_e-9Jhg
3.1429997456376775	12.262215310224237	1937.4676202011442	1	0nNerGlnSHSqsfTJY5MpCA
3.2144437069328724	13.465226641226769	2011.7145917720409	1	9jb6ixuIS8OtqkGX7J0whg
3.911975228814457	18.238224702033992	2483.9869110403156	1	2i5jq39hTyuYnrxk1WX2Ag
3.770124195126887	11.618095877917689	2304.593977748776	1	JyKeqa9_TtqCCy12Xe-BlA
4.49026739986917	13.8988779730524	2740.7469641951457	1	Z7Sc5BjlSQepmmRuYEVRLQ
3.4534926053503012	9.01297335322961	1177.1540359670973	1	ytZfahyORgC10ZNZSOCwaQ
3.524922728290448	10.650481040689964	2178.4374953107795	1	pvTomt_CTAOfAanBjsB1Tg
3.183541848084328	10.675283586959189	1975.839779678754	1	7LwZC-aaRxe-bqhVlNlpig
3.4150604164371465	14.359371298728957	2122.651292199008	1	BiQrt26LTGaPj8pDdvZpGA
3.3531233582066395	8.049287160874188	1821.5540862355322	1	3RjoSJx7Se6Godu2AwH1-Q
3.70475306497186	11.531338144613478	2311.2176090888242	1	yejCc_I3TQiOcvy7r6cz6g
3.0406896828510925	9.409384334498622	907.7036434350255	1	rQ0-4D6pSMyMpzAD2c9lKg
2.6240876654103826	4.407556982628911	371.9880433609104	1	3AtuDCRISOeCe_SUWh2rww
4.581697063031345	12.857995333512445	2936.3959026056	1	Nzh5e4IwTjOHerB1bIqyeA
1.664851568635221	4.858703900050705	607.7141086926404	1	VaJgiwklRB6V5MLzNHi0eg
1.5260647926366167	7.510531352211507	920.1834965344414	1	YitJLWLkR7yFxynPv7geiQ
3.7533036103252666	13.631127234354139	1548.541756851607	1	DPp11Yj6TJ-QmYOPwpZWWA
4.6056740394691715	22.872074059719015	959.2928173108362	1	x-Gbov09Tc6PBTBhdF-qZA
3.223073179621375	15.001665684486214	538.707674315096	1	0YevLJbBRJekAWQ2QsdWMQ
3.0203964356590554	4.87796864932289	199.73579589369768	1	CozYToLgRs2ZWpAWyfcKpw
3.362653795935184	14.534301432359493	1429.430502114087	1	S96uZQBoSRixrkG8l4Hh3g
2.63565557742812	11.14518456390226	1423.7257941595428	1	Qb2dTvpARP2iIktVLk-CQg
1.688309785763764	5.063779438219077	31.395808776062946	1	LSsjkTaeQeW5imVJp5T0zg
3.3297965991430236	15.923825075377534	785.538975297029	1	8UN7-zSWSuW0KNfhppWj8w
4.607937151545139	15.306445693097661	2476.890633258603	1	B4i2w-N8S4uL7uyTEHlIdg
3.996806562606329	18.289590377176633	2264.0270486474183	1	vNipnCLTT3WhH4kkw9F0AQ
1.9840680915723108	4.337164977028176	663.6846651075782	1	jVehMdqDR1KS9tZ3BU2PEA
1.7827236689451158	8.636739997639493	664.9416667271762	1	H5TpKVDQRlO4lRaLKKTsjw
4.818841482011282	14.579173646339441	3026.796255156477	1	YGWAUDGnSpqw_BWLIemqHg
3.3007788132057363	14.733027929831538	2055.962700939083	1	8LcgLtBtTfGNTdrZjvPI_A
3.7331930626046272	12.710027479986895	1889.760994255774	1	Zo_eITrcQCafpLOKXtCuSw
2.68664143209925	15.387343177211926	1239.473964774692	1	vMWw-9bFTTm1fsTZIzwjgA
2.8664524102755826	14.130406012975005	1836.4987953822326	1	-WKpR8iBR4CP8-SQ34jfcg
3.4139530246239036	15.153690148397517	1183.832592677659	1	gkLNHuKMQ6aniYTn7dDkkw
2.622558007871271	9.383932095470168	1365.3351695938775	1	Wrysyc6ARTSPC7SRoyzkrg
3.112131637753529	12.673951753095897	1960.0547389051894	1	9DezJL85QoOSafFuvM5Phw
2.844070917335859	19.246470942285967	1238.5303149395854	1	-JiyjabsT8iB_izjj3QfEA
4.08329807406723	14.60127519942797	2551.4243017924614	1	3wH-sjnMTbyVxDh_01rjLw
2.7868330222567885	13.797504943193976	799.2274819539577	1	4V5uR0HJTA2fdFL7o0DqKA
2.0894840302343436	3.23225894335517	109.57045306145876	1	3CXuXlftTZ2wbW03KjSb3A
3.975575712328485	14.686089229875837	2573.990470522786	1	81TFtSX2Rv678ZKYiuoPjQ
2.839807723595446	12.776315247988991	1775.1723274426845	1	JwlUmoUZRl2K3jprhk_sRQ
2.3299334913193945	10.88805751758005	547.2873975099777	1	eo2xBVddQRSS1rpzV-Pz4Q
3.044248548216935	10.978111723760934	589.7592269975186	1	JbMN7CDrSfqkxu1Xils_9A
3.065302984344638	16.207442154385404	1915.88793248702	1	H_HwqsmQS_GJ_NmVlssWcg
3.1852396279206125	12.674449463794785	1797.803395072067	1	mI0ykEO1Q0O4Yi6Jf49EMg
2.5656704924639797	5.4192107850719715	1659.5577759814594	1	oxUyoR3yRhSk0BClnEVtqA
2.4369307969511294	4.6652098665939326	1519.0388799023137	1	nGUBsM6cTAGFa_SvKcDTIw
3.028478123458112	10.984334576983688	1488.8937283138362	1	19-zHQ6YTu-fQ_f7yQPGXg
4.165291437634831	13.917374071375862	2642.669152607419	1	10vtEhPcQBSCiscaiRA9sg
2.872154754457937	30.528040880069224	1827.1672015244883	1	Y3Wmr7CYTcmG1KHtTNrKpg
3.2770198111836146	5.445290917511529	733.4527430796833	1	StbN8oKURo60TYY9b8rnTw
3.6629247719665776	16.77904952227229	2315.1149728737564	1	6AtwlE3xSOWSSgR2KSq2mw
3.0419776928228206	11.798987656388654	969.1801768887357	1	MElT_9sxSi6OHF26mcCixg
3.981915205613851	10.943414471365939	973.0606187958568	1	_7mnKUiGQN2_tucNiHJ9MQ
3.2602088866076784	13.39251116396894	2062.463565219089	1	XkRQTlPQRw2EFbO6MX2rZw
3.0740993091075937	12.925768199447292	1910.992316811573	1	PULxFY7rS5unHiZDAv3gAg
4.709909116440506	12.503163529344441	2954.8556823812787	1	uUKqw8uJQBmexRN1MX71Sw
4.916519907569319	12.06666050121221	3083.75928250526	1	BMqW3knWSA2izatHSAFsvw
3.4245290208938983	9.20947009156016	2134.577429303585	1	iI8UiD7OSXiI6NkFFH2l2A
2.990819868355495	8.701613051434109	1286.1362863491781	1	nMyN3717T72Bx_uL4ztZeA
3.9649343498671614	13.906984947760337	2510.2316563757004	1	Q4uS6OWCRaaPV29xbKetGg
3.196745518722666	11.741847738022228	1995.0057628513246	1	wlL6rfziSpGfS29l4XXMjg
2.5734572634887254	11.800038172661806	1031.4107897191186	1	tefNrcsCSASyV_k27tMkqQ
2.7733754601309766	12.927862931246926	1721.7863667867327	1	wCjq31P4RcKiOPVMp1MZFg
3.206262060501665	12.504722593171326	1977.2954001872583	1	Gvm2qR0DTHOgtkmLsBclFg
4.194514239593897	13.624061178181703	376.44506946083334	1	kQ9s2J0nS02DSh0NX3dqZw
1.8478152812926076	4.368014813208355	1166.7826334041224	1	4zzDSh6gToiQfbloLhyUVQ
3.9694750432038517	16.938930423027635	1830.6266225245797	1	7ag175ITSHCeTCcGfcwKEw
3.226685760627403	11.284029531466121	2030.379108131749	1	fehfM11tSpirZVvp8MUMgQ
2.9775666169226582	4.781264223959914	1832.2724158229084	1	EDntJ875RpukcaSc8PYqbg
3.579064975429954	9.34039517013768	2273.207328494582	1	i_v8vvMaSISCraXqxDZT-Q
3.814242524840748	10.378433867750372	2395.847785613267	1	WVv14pQrSXmVWGuUtuwhNA
2.480586560598889	9.073946178507423	1607.0604062167931	1	r2y2Dqm4Rca60DFCJ20KGg
1.4867662288711516	3.744618118171526	913.3323885253792	1	91TTfrCcShSOHKfah4J9VA
2.623621524719903	11.513331108761065	1680.2223204826444	1	adLG4-u3T0isewu6CANhPA
2.9141204256047977	11.787819107131467	1279.9603721771184	1	JsMdXSZ1S4uCFZLar6LqDQ
3.4231185185065014	11.72694097217779	2022.47084493364	1	trQSk1q3SpGNNiat7FV7Gw
2.547673422220645	8.323285613951803	1556.2208332292576	1	A0heD1_eThaQoTFXDHW1ug
2.4686844010808295	4.049413549320915	92.44235608287275	1	zgT3kba9R5mT6ahfMIef1A
2.267123707254352	13.333792969938715	1319.6133606630037	1	7WgUJU3aSK-S9ynhjkWzVA
2.3739608737142674	12.343223452987269	1375.2474039470442	1	AVY6HbmlTYqWTd_QrBctvg
2.66386383424795	10.84806452919113	1533.4132582273182	1	5OPJrEtVSPO0Q48SULHRsQ
2.8572551363479475	17.24939002607155	1676.2572990758404	1	D6tGZQmQT9a7poAPBhOdag
2.0882040753863462	14.526328689972198	1212.9625720452157	1	rzS1fhm5RjiitZ_fBkV1kQ
3.6074596297822	16.890904028858035	2056.7209587277257	1	HER9N4N3TzuII8cW170oWA
2.713065574120339	15.631460013512596	1679.2573632329324	1	_1xOHxmEQzClP7h3gsA3qw
2.8822626722332396	11.745675169807084	1717.1886903377767	1	_DGsyGOoRp6kq80igEDWqw
3.0547773978659305	7.4409685788115505	1815.4206050003459	1	zl46A5eqRP6sF3To_3Edkg
2.2558091220040444	3.997364272585589	601.6333160749668	1	kkphrqw-Q3izZ7sLbcibQQ
2.091175179373786	3.2978924874224873	347.0117004404653	1	jMk5vpwdSTWlbIDX7OFhaQ
2.2533709643866926	8.870625184675687	1370.1982688307576	1	-vE9am_-SPSQ6g5vO89dHQ
2.62517717615026	11.1000352647307	1577.8181137131185	1	wQCJ-DTZSICTra3szYZxVQ
2.0980103034406765	4.6315171007762155	1021.5400988379978	1	5h1Z4123T3yxEccUoOepNA
2.4426463645936383	7.69921240662311	1493.7051210590207	1	F5AqufnWTI25kB5iBcuaUw
3.5776453965470973	14.668707551728883	2182.8538293130546	1	c7ggfGsjSRKURKI_RUquDg
2.4792947095956572	10.575569442408415	1530.9644831753196	1	E9vCho_rQmagdH3mWvG9LQ
3.3917027180382955	14.425590735870637	1996.71913202817	1	yzrtpJthSDWPY_n-jNHjFg
2.46179374435469	3.728416162450234	1508.156392635292	1	_LlO6xYLT9WXM3W0-hG34w
1.7381719265541127	4.128759828319172	630.0699416566003	1	HjmjOAA8RKqw2wzpOgI_PA
2.299724133432897	4.37687135410421	1369.9019715274417	1	edTgmkNwT82fOAsZXgeMpg
2.4169126875204396	7.370942567725053	1423.752509051852	1	RmXf2c14RIWg6aSrQXy39Q
0.9394827430714535	2.8261519458277324	553.4671341155122	0	xCreOtHiQfOGyqZrV2S8RA
2.5316566645956917	4.461417349609697	1533.5459612655127	1	xzXOVqMMT3C2UdjUhIy6-Q
2.8749771447370516	19.563190043182324	703.0670358140121	1	GVVcfovCSrW_DR2I-Xe40A
3.144783708985848	31.924261484201693	2638.2754104654614	1	-ffn_imlSF-9u02kIe7k0w
1.9130134974300828	3.9461144643852273	507.2833541810221	1	J3dxtzuiR-aHQ9YklP8xNw
3.8659447954007238	14.20331701923939	897.9429976277263	1	xQuErlVeRXGfZoT5W5nYeA
2.7021890192237388	22.940093458357254	2075.0758003983715	1	H_3mZij3RFa7muTPsQpT9Q
2.6105506152568583	11.175007279444662	1737.1491381128303	1	MGyUloavS46EQocD35JiRg
1.2480671508570778	3.0204666404785963	27.204119687231728	0	SYMzT4UDQP6on3VdhBEAjg
2.553640704442656	9.862998666034242	919.0348604032764	1	m4NRPDMrQZOL6IPk-2RdJQ
2.478033653275188	11.884871313537868	1647.3645582598506	1	KUbCBOOFTXqdgpZb4BevfA
1.7194017727084618	17.518399380232072	373.51080529077717	1	hEhoXNgeRAyLEmTA4CwEYQ
2.8918073637300643	23.73140261779892	570.9700131243185	1	QOwYVN4ISzS_S1rlJzab8Q
2.8742966064395903	9.817383437097899	1743.1487942379595	1	4YLewjw0QDOWFb8PbC6wAQ
2.5223020232811724	9.880454676687913	1467.5081070712877	1	af_SU76FTXyynsGKqnsz8g
2.2800882445233954	10.844701906877743	1368.2786754502463	1	2dVGt-gfSeW4Ti-Tebigzw
1.2368720003926086	3.9021901818578804	431.4667180009568	0	Igm_cMhUTgCN5_DxnsXJGg
1.8020395175837436	4.757833591717207	1099.4603504681934	1	q9z9LLe2Tc2AxeUAiVMoyA
2.1888891682571847	9.909242762171482	1304.0241553217127	1	t8WIL504TkG-XCq--Gb_HA
1.7704521981931933	5.66526061903089	1064.2559958300906	1	6syGvCUxT4GDVj3WKch34Q
1.96731712333592	7.694376302390722	1198.9676495972126	1	X1e_5Fl7RSKQsGFi6GH76A
2.313073157016465	4.517972054711852	678.4775576355407	1	PPNXvPGrSgmbcOokNLlWBQ
2.619057656805806	9.573096358213517	1576.138421635108	1	c9x1QkU0TzSzN8POAKyHsA
3.4282278595406446	12.247202543196206	2074.358969706573	1	lAzV-iXfRxq-YSPQaXch0Q
1.5487480872966288	3.1887370091082237	701.6603209497381	1	bYk5wgEASCKRDVnV9PFK8w
2.8943637543944356	10.822884626128614	508.5339229195933	1	6IVrsTlMRem8usQVGgmzjg
3.9963392647810503	15.764946551274587	2464.986018248867	1	XbLqa2doSL2Qg3Jij_Z68A
7.6987523122183585	20.098138732839928	4687.793379166696	2	ZSU3r4usQCOeC0DIC8P6eA
6.790357458894318	14.000307965349483	4236.666987183176	2	tcx-d7bKQYiE6qPwz0Uw4w
5.790143318930867	13.86131449347151	3449.8426612821545	2	GgFfzEmQTBGg5I23bJiHOA
3.3041107578053808	5.029308131748533	49.52862025950266	1	1-nx59pmQuaAhXywzwo8zQ
5.645102526486015	18.09206538987407	241.9547393877171	2	WprKKYMETI-zFWFciclE_A
3.8370056882484134	13.672910234830761	1603.9834878584857	1	03lF7YodQBq-vZy9tjPtsQ
6.013729585926682	14.9339966630492	3972.6457095448213	2	Yw9QlNNxQECu75dDl2YMng
7.134122057212082	55.720005504612885	4906.677932021096	2	T1FQdKZJToSBEIa8cgoxLA
2.9535482583464736	14.109331505852916	1679.118766804294	1	ofbpc5KMQ3CfenaeR9hkrA
6.766543969057944	13.779956134421665	6346.361888211352	2	HCX2o5epTxO8OsG2JjqBeg
1.7196694182974175	14.521481281531306	971.740476874995	1	7Ynu80yeSCGA9Zg5VKXngg
1.4716716237220582	3.1317526116226793	1771.966218542542	1	KPdwvrC4RD2kSGwh_JtQSQ
7.718834665999634	17.376499260787703	1238.9810275782654	2	oEbriMaGR42LlJluxRCe5g
6.254014700274227	14.949281944299534	6326.611302915005	2	pVBqj_kjTF2JAwg7zzx3DA
4.385993924873465	15.497779887588676	254.4139636062102	1	ihLjnPE1S1qgtElME6kOkg
6.550932255397249	15.189250683079925	6598.754060861647	2	Z5me_Sr0R6u3r1EPC5MQ_A
1.8546015739272927	4.111943295848732	2329.895156090231	1	sjtbqUe7Q6ycid3ti-azGw
8.565332848271359	16.258529859220147	839.0343098181174	2	ehBVi_acSEaoZkWRcwhJbw
7.883120531786794	11.841723384331459	197.4485199596638	2	tKDWBOl4SjOZEkqkBMMh8w
6.74984229804128	14.947434051527386	2891.348947104367	2	0esIii_kTz-Ijw5kcj_9uQ
1.3378054267959951	2.6615914010814796	829.3657853150437	0	2s2ap1UgS6KOmCJtx5BjPg
8.718276196615896	28.960392534041297	4236.820683269428	2	fuwGb3YSQUu0YGRsDJUw_A
1.758563473096706	2.4813307779579716	117.82375269747929	1	k99vnadow9w6yz2ssowgav
1.8232804796257864	3.739393785657609	1214.3047994307738	1	lvz9zzm1n0vek2i97b0e6f
2.09625806065823	4.329086565579254	1398.2041264590396	1	okmlmavg5uxmcf477torf7
1.7842061906088893	2.4156498877828163	563.809156232409	1	po9gksnu543sj0c27fkg7i
2.3570191314115974	5.00043963245176	1572.1317606515354	1	pk41ehl9wky77gwxxnrd0j
1.7114441072189845	3.3432100369916165	1139.8217754078437	1	qqdv4esep29vga2gwb7vhi
0.5971986750922608	0.5971986750922608	3.7318945206515375	0	U0MzHFOTQq-CPExbV-sItA
1.2827064746647339	2.465980539934797	158.7362089462355	0	_Fc1wJs_RryYJAt7IXl7MA
1.557448555803714	4.909260799741652	399.88114649682683	1	G6eEH1xHSRmp9POAWSHR2A
1.179444542702486	2.2612072975287223	168.15104956400796	0	xG7zgVtGQx6xg9OPgYUs5g
0.5774278374793042	1.3250118140475056	27.019580799169077	0	fozbf-x6Sl20nW6hs4PzKQ
0.6634158082029841	1.7847483097927317	25.86923602506716	0	7O3gjdC6TVKBCL2qQavs6A
1.2840872939352648	6.757433992656054	477.38513326631346	0	ROf7C8haT1Wb7fIPHeDPMg
12.248727677938248	18.574522233970733	9974.20019178351	2	zb6pAfNkTQeXkF2pCyF8-g
21.681121092023318	63.401528338542725	22459.711831558965	2	c6a0x1lf784eeyeme4n6gb
16.67923068603967	28.070274167786625	6664.903827526649	2	_TuGSbwOS16hwTTgcykJCQ
23.10750685856219	29.8657110554037	3910.7606757567814	2	0fnWhfFYQiORDjrEBhOy5g
13.61148407342823	49.36770861860179	23326.218040379128	2	ae6otre516nchxsi2vagsf
14.703332544764292	25.0842957530194	10990.270570569868	2	avdClAXaTJq6-U4V117_KA
18.037481136534897	59.40317365295858	1963.758608815691	2	PJdQC67qQf6DcVXfD8rYWw
6.884323051791919	16.454099734450796	1400.1473909195438	2	LyX7r0TBRGOY7EcXdGNbCg
1.1081505039631938	4.261369359423989	154.14705955279217	0	tONCSMvMR1e8mCPM3FxEWQ
1.605106457412657	7.736065820981438	521.8682624985771	1	T6EexJN1Rza5o4kfr67dEA
1.38655847971943	3.8038708884030714	336.6924493963502	0	Bb9I-eS7T7CxVnIiwUx61g
1.3077564759551248	8.457156013455739	308.7273023046301	0	qY9Y9TpCRJOoUczxw0T2Qw
0.8882109347777822	6.657038466210801	34.01492595824995	0	5fDIaoKoRJquZ5APVJF00A
1.4801646863699633	4.388308486322553	232.22303764458357	1	sUUzf1pgQBKKzQu54PVZfA
1.5605229508500906	4.497722621689929	406.27122659316507	1	b-wbZqWqTu-i_3_2517okw
1.6159683425830822	5.053683595869176	201.27532094209332	1	3o_hp8ZqQjyUWv7FjZCQgg
1.411226931493581	8.024579928140911	454.2612482054004	1	9CjBaqW4ST-HIP-nvLJsog
1.0904482434480163	2.3791100284419704	60.841559743182074	0	fF5SNn6RTr2Yek4PjLiIzw
1.2015571671423495	4.749977673893979	128.10281581771443	0	S30TMzmARvq6EGF34TDeIQ
1.6192263321070288	9.83529862258198	419.3925738263774	1	6ZBIxN9lRa-EgkbRvUOV6Q
1.756323185495514	6.394907905508816	352.7504865140321	1	NsED2EjbTNyKghHJpof8Qg
1.4595067622013365	5.642487151308674	191.354472085455	1	0kEfCP42Rb6Zh6j9iXi3uQ
1.8561646698480816	22.19128335180056	559.8081274381625	1	yAdWBqadRXydzsOok1LWpQ
3.3195783820573763	6.00409499513045	730.3072440526228	1	x6Yq43tWjP2y-ipnX6BDRA
1.393343310893528	3.325209020478553	388.56304245218905	0	dCyLaZBFT4iFIFBDbz_18g
1.5757685572310989	2.842214115986771	90.37662983143244	1	Oyn2j59oTt-UtliR_ol1Xw
1.3084416966109407	6.497918832211103	797.9479349113959	0	8s8BD-WKSDW6cTRcg1CJAA
1.9151673987156856	2.0976733748971292	8.959153091191979	1	v-Bfsh-KQ5WojtpOLAL0gg
1.6754683238161245	5.245354546389044	400.7703475884931	1	epj0iCLqS-6DEta6agSh6Q
1.0481848434646317	2.208929926953404	222.12085017859005	0	gqXog9npTTeAxG4c6veEDw
1.1160608931361098	3.6329730328699608	143.77431243647305	0	elPTKW05RtOLJcV3Ztzmnw
1.190159386445033	5.236830076304067	353.39759709528306	0	juJnoAC7Q8qo2mZOj7kmRQ
1.4129356999512848	2.1015156104493453	39.22874677344746	1	rm-B0d5URS-T2JtBKXVZBA
1.1905538111210594	5.338265511275821	412.53761053774747	0	Vp8SGZj6TOuMNClCWLDhkQ
1.6440427624678955	4.713345225132507	533.9078192397363	1	v4NewG6sSb6TQzVg5QFlYQ
1.302902158896007	2.433773462087004	364.536389233196	0	a30jWC6fTNKR12ed_rtMzA
1.45962474459515	4.229045724254931	1557.6589809411396	1	JOLJ6paWRaCsLO_BdGO6rA
1.4359879778655207	2.8972827554252825	481.84002202086407	1	b3Trq416SliKD_iuA5lUzg
1.0236937131766457	1.6546602290906622	94.98956333937413	0	4B0YOKbjQ2OY4zIOwjxYCA
1.2570318012008905	3.4717422789821897	1349.8761700375876	0	QuTXqRStSmieLcsJmqFCSA
1.4176097132706773	2.927692575652981	562.6251958320059	1	nLq-9B1oRVWrBBUFwq6Y7g
1.2580703597675575	4.6408353063132655	1233.0523725932196	0	bSx1viNwRMaG2akcZN2jng
1.2892339595765236	3.6616468570729235	657.7284891571552	0	wQFLa4RWSrub1wFzrWXOIQ
1.379312823933396	5.484696847572598	654.2549690276237	0	pBFgf2E4Q5WYyL206yqlRQ
0.8895641965049175	1.3031097458562695	34.574691625556625	0	wgmuINdZSPSswN-QTKvU0g
0.818295905631588	1.3716040841774184	25.291889851261125	0	kquv9NLBRIiDKAIZv3wkaA
1.1012985247175342	1.920650880223798	113.50533245001265	0	ajv7VQ_SQmqqPopYv6MzyQ
1.122001689987647	2.2621324582257683	181.6296335752003	0	5H8rYQNnTnSKMNYXlRKF7g
1.2399266189476528	3.3831101174680707	178.4675979716115	0	5Z8tgMwqTVGfdciuPYnXig
1.4369932730551955	2.6862077701483176	38.397897249307874	1	z2AzSGQdQ56ryMCJgvtCgQ
1.000710254645407	1.7994288269139338	64.96010547005194	0	Mdlu3fnqR4iBsuldXdW5iQ
1.0256425459825846	1.8430423516267942	55.42982575508281	0	6sqTvV7QQDy9GjIN4Y6lZQ
1.332422447655912	3.0478023796729174	104.81101457750935	0	htXr2Nd4T3WmOvkxCp7-bw
1.2878936237706322	5.567118682978635	298.92397375803506	0	vLIGZw1VSPuHI6W2OY_AdQ
1.0964953741260202	2.055753862679782	32.90911566364424	0	7kEJB8JKQ2i_2SRmvgudhQ
1.5055310976539436	2.8346610188977053	433.52972381823434	1	5JUIA4djRbOpvOOqP9ZuRQ
1.2355810578093984	3.693323335567629	2257.3905300640185	0	EPgCu9m8S9-bySkCJngRvg
1.2154510378612864	1.9177743886148566	293.48402305302415	0	D_BNo4xsT7CtOT0VH0vqkg
1.2860060653506	2.3729667851768377	204.59070493662702	0	VnjXRIPSRjuQyoQYxn5A5w
1.474450375974727	3.3853833083035196	600.3917697457807	1	WdsEnCfUT52_Zv3OGSPDgw
1.4504251316101588	3.180762414375667	172.51501557884393	1	hFQ28V2HRNWj8suhbNkYCA
1.0191206863361502	4.812120504483462	601.2934343865646	0	aT6NT6Tyxzo6qi8I1u_Qrw
0.7921452969755064	1.0157173065577154	3.57495172525046	0	P_Axr9HbrXvXY4TdOyb_Hg
0.5797531210583907	0.7506562015428033	12.263517769748137	0	K5WoQ7umSYWTNBs4Sqpm3Q
1.598432817195542	3.987194955991148	919.0573106341894	1	wmFqjdraQierUaPmI_ph3w
1.3547104888993522	3.821972843142312	1312.7171731644498	0	kXR63FQKSvKQ4daX0B2iCA
1.2728265745482146	3.1647674926590827	1073.741224369979	0	CMC5YbVxQhGKJtRYuNkZlA
1.4611284585856243	6.4100022160366965	1849.838306936991	1	LZSnySCkRCWuXFvvAjbUcQ
1.520931847103991	3.825350735251792	795.3682675793382	1	_copVPYoSlaqEv6idn85kg
0.9769484799164011	3.406606382511565	335.8973572102967	0	-OsWkCigR8mPT8QuILNEIQ
1.0675626600736903	4.703348974309758	443.88081086937973	0	enTloMq9QLCPKKZLcBw8Yg
1.0878004998812774	16.856658510301035	234.7680160838773	0	B_hIrUbhS_KTsvs3w7Ig9g
0.8855081723678595	2.028014816122915	250.32784727935964	0	IXnbdaExS-yjLxV8gHebjg
1.0354896080627087	2.2995127732605307	176.999345174983	0	5rSOiTgPTdSAG_y6hGTw5w
1.1531310911609396	3.4129179935856433	662.5995031608963	0	LBx8I7ZfQ_GUFbetB7allw
5.9139259288498565	14.230404180488277	2248.8058180007324	2	cNlDk-1NRF6LqDNWYYFVSA
6.064981832118105	20.95487882909127	6443.6125829154025	2	M1kCu5j6SEO2k1V5kAhFrw
1.6476091831727524	3.3299051609108417	602.8321907667957	1	ko2ie8MTQuWMXI9pmFbinA
1.8057173306027374	3.071393686900564	392.00859245254014	1	Gyx_ZhlrRrOI3kM56HD6cw
1.609627150318983	2.7551466211128686	344.24452013011955	1	W-Fa2vrwTTO_LmKwz0StPA
1.7714755822332793	3.2595454643592054	711.9843801088707	1	kiNE6Hr4QpmLmuxxc6WUyw
1.549443938336848	2.7951876099454025	424.3431125044358	1	cLa1tE-hRPKJdTjStneY-g
1.4818459045973742	2.7489336244263303	393.0937086502592	1	DNIH7qsJRmG6_JnS6cvBrA
1.6682787072446976	2.3804010525573087	780.902911795463	1	PbMT12VOS1azDfNBj_dfMQ
1.6085288327084581	3.588015484817349	918.4973084666856	1	if6LKeX_QSGkjX5RV-Ikqg
1.2468826984429822	2.057419809745646	148.39649747249308	0	Sk_PkLM9SKqRSSiFsW5x4w
1.3847555590399026	2.718640195352954	551.2407234314865	0	BdyJWaBWSOql4kXimtRLng
1.2666824676913433	1.744875745911143	54.46481274579237	0	W4gB1E3RRF-FTWlWHXlM4Q
0.8262075429720949	2.1313662397898296	120.6312585191837	0	SOjWgsdlSKCfmetFxbOQ-A
1.2838336320584238	2.1284024907449175	70.5736185878836	0	ZfJz0y-XRvOCNBcwWMpkHQ
1.5190369456322312	2.7357831951299394	207.21638686452957	1	CgH_5Wp8Rqqj6XLsQobQ8A
7.483757237270448	10.459280896931183	344.64947204801604	2	tQO0g_qtTSSz6s642iniew
1.7970878232803358	2.63420487462542	353.774708890967	1	1rwdnN7xRA-tO6NWrRJxnA
1.2143797046364075	11.640523699270208	1055.3372522389961	0	6W5Q1B2bR6qVShIvA_2BOg
1.3338903274829286	3.551903849519227	1457.8607606288642	0	3If2y7XqTderJRAlqPE7sg
1.017838091555422	2.5276648402202975	584.066032077248	0	mJlDleDvQR-z-sN8Z2o64Q
1.0251951760297386	2.7522970869315238	1643.551898403836	0	cb2t19jrQ7K0Za13T1ITgw
1.610136863386746	3.136097186657312	634.1040995389682	1	527fc890-62c4-4f6b-a646-767143066c11
1.2984515121959375	2.9980423777223404	1113.8156025162118	0	4c17d814-a19d-46c1-9f08-4de5c8383401
1.6934476877083113	3.287756312560755	489.1286563269179	1	4167b3e6-1742-4ed6-b4c3-5f4594aec3c4
1.4461914662556552	2.754026434997639	390.45289539996554	1	17acd68a-5eda-4447-9818-b64409692ff8
1.4320019801087693	2.239566934607287	384.02569901368906	1	0a7b2e6f-1d57-4d1d-8eac-50f4333d3f54
1.4999235569106562	2.924108203321958	537.1406248123886	1	58731c90-8bef-4c7f-9a8b-17086e7192d9
1.3473766556075408	2.125214283511269	725.0301152656955	0	9d20167b-1899-45ef-8c2c-3c5a8b03539c
0.788849261996179	1.3476559533854033	181.4818723655789	0	f239a3b6-953a-4374-b6e2-85e578ebff3e
6.599123475131022	19.836211891226505	5526.574535841451	2	eec0cf16-151a-44cf-a312-c4268f2801b0
12.179780893843281	23.790468018707553	10473.344871492265	2	291f0ede-aad6-48b8-bc44-70676169035e
9.479052208449389	21.62729383477876	9562.903904285338	2	5283789a-d87e-40b3-a20b-092c01b19705
1.570479396314992	3.1736611081653736	733.8897333361845	1	b2f503a8-f7e1-4610-a3cb-c63cd5af47ee
1.2013793396631693	4.170681273467066	495.76960796078106	0	b4b36c9a-bf55-44db-ab99-f0f0ce128352
1.129864616847796	4.972075020356902	1179.5436341859759	0	2eef1cd8-05de-4db2-bbb4-0615d61f06eb
1.0903402894189749	3.6244185971766334	2280.568833432201	0	9244d466-4b9c-442e-a180-dbdb6b3e2883
0.989796597300628	4.048672926530819	444.1039168700403	0	2f2e0f4b-d8f4-45bf-819d-ad9632fdf533
1.5095163995137773	26.409149173447638	1503.5251289241085	1	310bd8ac-7564-459d-abfd-03bd124ef62d
1.3589148266164623	2.326184975955036	189.2710159659675	0	bb35349b-63f9-495a-85fb-b7d57801f3e8
1.2628147382165993	2.2385807254669867	542.947196696227	0	b24a1c87-59e5-460d-afd8-d534cd1d011b
1.5134157194356315	2.464763574566609	570.3261736221592	1	bbfc0583-593e-480b-9722-362db3731636
1.195020975143789	1.9583310634471387	356.3803502283558	0	IsVYr8Yhu0JvLv2u4odiGg
1.267935737863749	2.2822824690698833	383.8954392244831	0	Xg9-Rxz5HBBNwx5BZv__qw
1.00775322045631	2.2482187005189207	364.9326349577411	0	SRBxWKgwNKqZRdEND3A6MQ
1.0456981922554784	3.050006935021371	249.98251844421023	0	VZW0s0nCvSpIxh4g9_GIPA
1.1496179256860128	2.9063513297320784	316.97150485222204	0	X7udzpTmTgUD33Jn8EjLpQ
1.0297131237416346	2.2370908439918824	284.0082657985515	0	TaozDMD2NZECPZWd82W-1A
1.0459498413172517	2.0768013426832943	270.6457971398868	0	YjvJrIZikvx2ATqmMw2caw
1.4812683759515533	4.422208154665049	549.2794953652273	1	iCVwYRX0Yeg5U1UmDznW5g
1.2302716552721775	3.2670929068397183	551.3364001369844	0	mfXIA0YoM-r03h-XM2y8mw
1.1923437161141652	2.244813870194163	180.54707018143918	0	5zebnlktU7AE9NJWq5teZw
1.4323500221773777	2.733941180944271	972.3866213056673	1	GZ4gqh5gLfD6sQwXyCijjQ
1.3683859555905218	3.0195476984209777	648.0361156906921	0	8lCSwntVKsWYO47JYo7MYg
1.1236104461027383	3.8576008701362765	944.8530130113626	0	H5TyWYUlceE5pkT2XEzeoQ
1.2839034059994079	2.920346476754648	587.211197381514	0	e_2vvvhAD6c1vgNC3QlbrQ
0.7897231427963354	1.124634395212173	19.60645646620462	0	UmhatMrvrsZWB9griihf9Q
0.9889755572057487	4.4637531109979625	934.5542102438309	0	QKSgIguzD5Mb9Zxc2oUn-g
1.1391698722960355	4.462209366226385	606.8152859143966	0	n9FLTum_J1D9TW0nCzT8kg
1.4205422006451098	5.515720911909429	84.96120847838338	1	kQ0k5pl7IYk9WrFOBxSAsw
0.9826982769456812	2.2171240746237757	606.5400477981361	0	OpkiE-EP4qbDOVlnlFxifg
0.6625233137531634	1.5129676403022518	121.75257189173264	0	pa04XT9BmfCp8ph69sxFoA
0.9015546591255948	1.8459587601330039	44.93258265616052	0	gQD-cpzOHWph918_YII5dQ
5.056408862256414	10.743711349004654	11.85727878199129	2	DhQGUFB0EBa-hGWmVdu3EA
0.7940922902245451	1.744312247819162	191.2968327150929	0	R2tXsLtxIVgiVu7Op6yzEA
0.9550203597822702	0.9550203597822702	4.411239041834306	0	Ob0hv11okG-i6UibdsSsgw
1.0237635179669062	2.63092322514404	783.2579210355665	0	YQCRwydA03z_Y0qRHdX97Q
1.1351985378098808	2.854956812266691	595.5944000458696	0	V9Etva1ZjrcioFvUb77-gg
0.8040572528242591	1.5916949830413805	121.27515138623018	0	VZ2tn4iWRyBETQPNNi-kkQ
0.8868225151407274	1.363030739844795	67.31514983427206	0	e7-WfmzbsuxY-6Vku0DWEQ
0.9825650628161953	2.778873134354989	108.08510460496993	0	SVRYo3rMoScpKyXLnw2HOQ
0.805715292842204	1.4193058798956115	108.17130664053012	0	_FWFxlf03-WJIFKHhfnBbA
0.953517509252371	2.783896479196649	529.8467954713203	0	vUZsHLF6t1zaUuQJ6r9VtA
1.1356456735151392	3.0011410252994795	226.05594954155612	0	J3G4huCDc8MERuoemLgg1g
1.1192788413833092	1.1192788413833092	5.036754786224892	0	S24wkSncsAsVSloppDzMcw
1.2711066297514677	3.5296197104909983	1656.897660734075	0	wNnik3umb4z4iM_EsBE7QA
1.3357406141204557	3.683953573884633	301.8573426820112	0	Wm8yYkYplV_97lbymG4KQQ
1.5158399461774645	2.2656201609115385	216.31490783936272	1	UqAvKm53RHM28rgOi1dI1Q
1.4991804158122175	7.258373264063086	352.06153212767805	1	ZD9B-Kf6uUH1cYn8_z6jYg
1.6633324342817233	2.4356609887777525	247.97625263245644	1	tna754EKfA9ifJ3XOssvKg
1.4885965904361935	2.598537567117642	264.37177726828713	1	01ip2ehq-G10xMJs9p1gRA
1.7317762264829335	3.095437555184037	403.95239081318255	1	GPMo7p1QX4Ryo3ftJ1BrNA
1.610424335904536	2.382191427143555	75.39362570970675	1	WZ5AWjn4zviiotRoLGVp0g
1.109531526203847	1.988555538642748	148.53853307054	0	4GbGi7wCIoLzeDVJtfG9MA
1.1967362058907782	2.0645211374767327	61.37102611049089	0	UBtg55E-yAn8fWA7L_pqsA
1.3712683975789735	2.2659710562960025	95.67613863588016	0	9ZUfIo4BDtfjk4Vb60eS3g
1.5498057393412987	2.496961850889909	46.30354607429999	1	A0ZopW7KfSPv0Wq65FGPmA
1.923817088300851	3.266266190735766	122.83956872218592	1	jGSk_L1Vp9XgFatbGXpA4A
0.962144617814692	1.0475218074001396	11.390830130308139	0	bjVSiWFl567IvrimHzYR3g
1.315970627470791	2.862656426529485	96.4224838454123	0	RW0C9C5MVSNTSQbZRncRHw
1.3728624052202218	2.515855326051058	79.94177785597351	0	HS8oER8WP3YH5GHUOcO9Aw
1.5522198780285275	3.1730938040800845	178.75364115376522	1	61hD2clwFkOvO-3CbwDYBg
1.6488105710457388	3.362129592055969	263.804744935605	1	We9jB2pAzxBE5ml-AHeryA
1.699468836324036	3.253973158158973	74.15462320416299	1	FYSdIUxOAVvA6zqJEhJjqA
1.7410024191236952	3.352837763442161	308.83816013077137	1	GyELusEoxoMj8xmSPEm0dw
1.6234015495356775	3.142187926613157	491.3029981483785	1	khGtS8anpZcJkxf14ms4Bg
1.8100763669090847	3.1040523714083883	777.9346209701869	1	qPzsBZFZfu4jThCSyvVQpg
1.7482245532569056	3.543953053996442	1100.94091596443	1	unrJ5HYmJLpJ_j53JMGm9w
1.2619954091360748	1.855540874185907	43.965396063482586	0	pNPPP7wn0kXSWCaaXeBkiQ
1.1860999458656394	2.3150292607600895	53.01036488057302	0	QdXNZHHNgQLL10qan4lzrA
1.42170661976855	3.7514915715359103	520.102932709929	1	BV_mno4Gy1MTVFFNw0tFhQ
1.2211056134680704	3.9495100519352606	95.06795643094317	0	b-JuHVkgkgcHMJ-RuBjQ2Q
0.9531742949087485	1.6776969424800294	40.10385528399069	0	UroEvidM5mhWd2PTZfS6GQ
1.1169755723960788	2.4697783912395397	227.33468732305673	0	ZTDNXB1je9fSQ8hL75ufpQ
1.1244100019735221	2.099750401073607	196.9392874356604	0	YWqdXM6la23AsXwNjPALKg
1.3044283418521279	3.932986510675093	422.4312919387607	0	E5zzb4tF2yWLi-F_oLGNgQ
1.1829039624606261	2.6940884072436786	176.2349468471964	0	IFn_0nxdpfoOWgTbOwZ7aw
0.9760935949584989	1.9573993905761007	60.387006345702495	0	CisAMdtM5Bb-LzOZRIhPZg
1.5466770991621615	2.8476383330870747	876.520472220387	1	VQpiKJLu1aCPVK7IsA2f6g
1.593329696740697	2.8154445379226862	402.9976935372311	1	_eW-FyxhFoWuWKz8bzbFwA
1.547043207621338	5.271254150221862	785.392066342748	1	i_nzrzj1CWotE8ZUZ2pk6w
1.5258547390625563	3.546988379710721	373.74743735019985	1	HGdOTqTd9H3tiiFTXhDT6g
1.3611973169918272	3.5763609000623737	356.34784561529045	0	FujuTIjbZ3KtBIK2AbGpzw
1.3534101617523497	2.5727441765516073	460.6737508572647	0	ER5SlKCSZX1CAfsIYTNkrg
1.6573310066406972	2.5600218251395908	327.5532428214609	1	FjkBFkabHGoEScmz3voMjA
0.6985351028867883	1.0129359974474832	162.38985243829745	0	F5iJ3yjJq05XCn7orcCItQ
15.458141439770964	30.39056124820731	6137.778723792579	2	rBNxX6CzsDFYQu7Te--_1g
1.612076172288883	6.314281281314694	227.01256658172053	1	ez-9aYlcKBxXTPyzdfr0dA
1.6109550712332756	2.560792242716171	479.8761294841819	1	yQYWhPavRWRSlv24-GUOUg
1.262606367560196	4.940437138477706	410.5415108376679	0	nedZI3a2AvZ-mp5mykyqSg
1.5213569234383082	4.900856803473985	70.50880797367184	1	ITYVh4cl7L0eMwHzG_nYwg
1.4024386166900493	3.322113903266396	327.85088030086644	1	8yFB_6SXbKLcwPBctilwTw
1.2325241130902849	2.118996856959064	201.13684253931658	0	dvmxZUsHkmIeP4yy1H3h1w
1.3249051289239644	3.352414786335354	1472.9699016068628	0	IsvwP1rdUWqOUs2RkilLAA
0.6292736953669726	0.8259620720166709	2.82480961850234	0	bt4LCUIt06cN2_YfPh6o0g
0.7733869301533571	0.9382949207611956	3.5684072957275896	0	3oBtjt1w-iv0JgdDYo5t6A
1.2518904847531014	3.0697736992270452	596.2191028160883	0	JGnXzBsMMBKVvFdrn3Aq3Q
1.4257513526557124	3.096345890362905	741.0485230563329	1	3no3t5s1TBKdB_zkvS_2dQ
1.3429426683967844	10.075785260374134	720.8996820514045	0	qAqUWBonij20_pTWIS1cpw
1.411140275315428	4.016786120993411	1143.0222118652214	1	snQ01ckCW6to5474TYH9Qg
0.023713821500165575	0.861362647622176	0.25582470634378623	0	X4x-sTda5D5JJ6ZzjA41Xw
1.4886075430719068	4.8513111889582925	345.678489221986	1	iLWRsF5L-HWpxUy36QD9ZA
1.4954273381548597	2.3691050997408274	415.7377725710798	1	F1VrZGw5RpeadKDuEEBCng
1.2361083283362146	2.122152093202763	262.11306269870914	0	OXFEY3sP0r9l7fMoIGI3oQ
1.3157377574237479	1.9234274011865238	203.40647860892432	0	_sp_1GfHyZ6wkrpNeXSJzg
1.4818441869265628	2.3546662736896384	670.3463003725299	1	VDPwNNotX3BJRwISyCBNfQ
0.5087360543558552	0.8465805930440058	3.220299224072564	0	cInA-tuvOmQp_nmYC3Xl0Q
1.155208301113471	2.759046709640056	419.5242914240672	0	Y4y72Q87oJ3C7zj1BbWNGw
1.1204167445490771	2.486402931819718	238.97032619463891	0	Nzaxmc_hW1uJMEzY9anzPw
1.3441495337560694	2.428703544316787	619.2765731920963	0	tzErEzlCJmTODmadGP1-eQ
1.3322082882922324	2.733263722302357	165.85993189238292	0	f1APCM0V0FqgUWcCm2MhPA
1.369983128537223	2.817277133654216	797.3644303868776	0	2V85u_YmhhHyVmkc6HasxQ
1.1397958348923194	1.6844633513171214	95.07378997587304	0	bPuFEAeNCVqQ5hvRw7pL1w
1.2593565019912483	2.657465160600102	451.5133085894165	0	swTosgZM67iqQW1XHj07sQ
1.770389712635699	2.569198084849616	557.0442711322595	1	aHCVa6LtETDWQ4T_wxCluA
1.5986469539814727	2.1389977777416305	93.1803350067181	1	E4RgQlZViEalkwlcCB5TAA
1.5690821341198002	5.15493499138769	799.905519317201	1	P3UZDRseWW0FLG3lVYvr6g
1.268380464429415	2.114377386732173	340.72377577920935	0	oVGDgYHVF5EaZMffxHi4MQ
1.237628980333049	2.475668746043209	199.52188080643177	0	uXN96I3WrdXMo2bVpFz6uA
1.2888728818659412	5.913058223614772	324.0226425010976	0	ca9ljO4Qy40RqF4u6zUvew
1.1014503579893904	1.8682387020022875	289.7144876619495	0	8tiXnFD0AKwUCuUaqTAELA
1.3015060653175468	2.7151980867567245	455.5674695491661	0	tpBQIBWykZn4OedHIWAyFw
1.1660867747063028	2.1941381992026043	509.06217801868496	0	H2GwLngifxfPDrEFEhuHRw
1.0947734270315408	3.5613931944893666	575.174252640685	0	krb2ayhET55hEZIL7R-VKQ
1.5771988159544568	4.698887933718321	33.87980776551768	1	hLMZ7kOB94ZNfho6enmJDQ
1.2879117909367628	2.0386909036911978	230.6134852851367	0	X8aqmGspUQXjS8D_0lATSg
1.30595326691077	1.9047153167042743	280.07865548148453	0	J4w_bCWw0QeQeYAZ_TbsJg
1.3125267584239573	3.0083033851810947	656.4615707525007	0	ZBPb77eAHQjl5Lqh_GTfvw
1.6319377444606342	2.872663437639131	350.2154718989966	1	hU9IouCyNWwnVF0RbHN6_w
1.4944346329478673	12.221926069226003	1505.4530994965926	1	NOi_CH0JNM56YbCmwqauJQ
1.4992657335884532	6.457060092275538	2235.418702171986	1	QSbhdwMRkhsM_R_lAbLWMQ
1.2981736127863666	8.284376395048099	538.2435506390326	0	7RQ9osw0KT5pt_NX68YNDA
1.3573804393631974	4.85331067626621	297.38576569920434	0	5GN2qDVl1L3eGZqq3VOEpA
1.454699206293799	4.4618979287504485	284.7137286558224	1	vIfHlc7Jnyob-LDOb-8igw
1.3485968364522196	3.222957708536458	370.98550373964116	0	LOvOMMJSs6xoUbsUVKGbzA
1.0755732269739728	4.016321155353776	201.1655362141693	0	YF2b61tKK4qISBqSo2uH2g
1.3702539329470176	4.175350759838307	759.2138561200878	0	nL_JsNS9isVF_gnW9WgM5A
1.3074661526261742	3.9872371418455894	408.50210979421666	0	i4LmHMgxiiqXsnlD-BUbXQ
1.168342281281448	2.8999466935624927	265.8808212935004	0	Cy6j19dil9m-PzL3Teryqg
1.4504416876130972	5.730093688767579	670.3419321140193	1	gO3JCPUKG6QLa6zc9GLacQ
1.2044449896412193	4.158073313352225	508.0963233251382	0	nDWtlsdaBwWelenh0aWieQ
1.6011744161402173	2.476762728331355	429.28767036252145	1	5bF96PytONLypJQgKNv-Gw
1.6071917708495973	6.7197134833887935	424.15719462845897	1	ZCDictpPKp4ek9tfEkq28A
1.534333662336154	1.9832816565113098	239.06299359493377	1	B00QL5JZEkgqzADLuyORNw
1.4547892067971615	2.832449369776057	1552.3459162157737	1	ZDeuRqQ9Zc7aFy1I9LZx8w
0.19086277597195359	0.24030487696581318	1.1654081100847486	0	pow5InNz5ygGaF7d10oCFw
5.885806169596526	13.852715789961678	2750.5313959511723	2	reLAF4GlyuJ4WhK6entgGg
9.284952710324744	21.592800195173	2377.0128885121057	2	f2lt0fr4vql7a1t2bh8yli
4.314216384195061	11.440930473004865	550.1963296927804	1	eaq3isve9duxj7zbyiefui
3.1267686020173397	3.85727112082651	116.65973654126694	1	iSiJizmMl7m5iV_vKpWIdQ
1.3429896188942396	2.200156446593286	3451.044162952814	0	8CRbkyTYRfLg6fOYvsqLdQ
1.4814448064875654	2.0141115409590733	1409.9369471232171	1	ko6VA1YRgILaYh5-zeM5FQ
1.1977453168977803	1.59177622335497	156.17520961561848	0	o4l9IiM5tlif_yP6zltVzA
0.4793768663351823	0.8006568976941073	40.42585113804592	0	y6aiQXKC8M4EFD5u6Pt8YA
0.0658128058730644	0.30539005946072395	1.3179672504139877	0	1yYjccCpCugphy0fpqqmlA
1.2144031028296096	1.4933664506788158	132.81440974406308	0	OqUZ9lH5fSw0_-2vTgW8_A
1.3565420762255433	2.985019101830883	249.6444382877868	0	GlI13I1oBHuataOPbmKdTQ
0.15082667344220774	0.2878847685881988	1.7346575712588315	0	2pgtGBwi3y27Bh38hMLeNQ
0.5460035031985866	0.5460035031985866	6.896570248901347	0	PZoiGeAi8qh69tTTsjxorg
6.660346527930425	15.007115934076518	8625.1487536699	2	_NNHNo5iQwSgZaQz_AW1Jw
1.3151938377038364	1.5071227427271148	14.361916707725893	0	S8caUGxCd8Y83LRYK7ILHg
1.3830039282827704	1.392760734432394	27.68220662850793	0	RV3i9CLnu9yPu6arnHBazQ
1.38343504705256	2.9169189051844806	2129.168791991006	0	zrgzluLllKJiw2ePgykWSA
1.402891587217634	2.5749047624938677	2052.4738817386037	1	hbk5uPo2OOAT8eS0uSIlvQ
1.3158660127873598	2.1068407536039193	334.1404883591199	0	D80y_w2YqG9nNTgFBg41kQ
5.875922234551965	15.919320950215214	5217.818944282145	2	1mie-Jkvgg8BSDNc-40_KQ
1.032497802119176	7.948378418607763	244.3684823121602	0	iD2wHTNhG-ts17KOLHDDLQ
1.9177384527805241	4.44601990719061	2685.3631297056995	1	yh4MgIX8XzUKgrbENlHP-w
2.1113922465066377	4.826011008746568	5644.222315383217	1	-9WFWk3ycZdmF-f6iTtsbg
3.724540241345455	19.07661187318108	2483.54950471084	1	E2o4XGhTY1EtU5NGjrVyYA
4.374121409924729	20.54283340059176	1947.3675999413092	1	rxWHeEAxz8hNtSmBBj0sHg
1.4994331879403646	7.917539125824094	118.88256030585185	1	JyUGcvEcXa-qYX3A5_6ikQ
3.538257162491146	11.181220040129888	976.1237712165705	1	5FSIZYjHq0VsCMOrgoQxgw
1.5028635721444876	10.60074127013291	182.76474187206324	1	XsqMKUOPapiVAzNEvAvrbQ
1.1788861087699432	5.219538653482726	165.8834221372362	0	gsta__K8EGhJzgno3qGrJg
1.0777520852091655	3.740284310801068	40.67759695204955	0	C0vCXzhFxaKHv1NbFAUjpA
3.932016002242344	9.213912871554314	928.1248532172897	1	BnTUN8OTWIQ2MNtOsfCGmg
3.325080683279994	22.9526210576937	1883.309073606373	1	OHAf9xcSPUb5zoX897o1Zw
1.1457296211397554	3.4291448849105786	216.46613451079745	0	WVdRgEjn_JbcJP8kerD_ZQ
1.1712287928278062	9.529872959268918	739.8699133444958	0	qn8XyayTMrEB4Mmu20hF2A
1.0452731508193052	2.2433670701211863	20.77793969198615	0	nIHz-HBbXQ1KMMWi1S-RwA
1.3348871199740968	1.8306480325927739	226.8320287487184	0	QdiOBErNkJcbOSKyPQ75MA
1.2339565796091683	3.6099908409532286	85.64892619067237	0	8I658_Ro4aEA4P77dJ2FMw
3.0107582288822012	5.536163698065263	179.11903931088875	1	b_nSe0Uj9-m_OE3l103klQ
2.058927094987927	3.0704717751854487	280.7841236518834	1	kfbBl686KeUfxmqjGEo7UA
1.974863533437755	6.622272044349841	320.36038753073933	1	4ib-zznBAfdPzFr2Bt-urw
1.2637763216100986	9.405588665482291	188.88527280416704	0	26U2SGAvDi8mqBTzuHk73w
1.8428365176693626	4.436093980174694	214.51907051233746	1	Y54LTWV7rg2f7WFjtfabww
1.5689488757160077	8.742296692752854	604.7434994003563	1	Rq4Veo5xsMRS0gQi8sScig
1.7120163895877178	4.334358692079186	671.3877713734985	1	r5J1OL46nCOF_fFofsex_Q
1.6789702294874906	3.6797331502158457	263.34312255465386	1	szBKARzvySzIdoIwRjqqDg
1.6617636771663742	6.247107130273823	258.46075176439484	1	pNTqCEBR0N4DehUVTHXCTQ
1.4307718718330866	3.2827600962591594	47.62896484145162	1	19k6CObD4Hu3NVTzH3Ds_Q
1.0099647151044564	4.2336759392092	192.69217795949433	0	vTAGJTl7pdwZjnm_sfRzDw
1.7225102870015172	1.741786393995718	0.5046955140914445	1	SeijaZGzyOmRHZW8qhiKQg
0.0065192074162872485	0.012271458638547974	0.07206331877963926	0	R-2pbFzOtf717CudKPT_zg
1.6041165952431475	3.4917607230533014	66.44411349156643	1	MuK7tclntEqsAlb_Rmbj8w
1.367261053648017	30.951841532888427	30.425660226829322	0	l8SGBMxs5-61SgMhKTYuvQ
1.7602956504679603	4.440417006019797	261.03072141659277	1	i7oZtSo8fYqF5dllFjWDNQ
0.04323959566948762	4.612426772414673	311.2811573911105	0	VABHuiXTfIKHxxxmP3b6Qw
1.1937302274935926	2.7133628717978135	55.381920174337736	0	QtZxJCBGamQWpC2zvhxSmA
1.233584221844523	6.341015165273105	125.00402353639288	0	63mOc3G0YXvJY-SbVTrHow
1.5184756500239294	4.163953809714761	193.55705415725026	1	M_qUoMCxLwMJCEJsee09Yg
14.985249795690875	24.49577444922835	29604.170174876286	2	qNdNX5MX5tIt4D6XPlJtQg
1.6049899345260392	8.192082244107024	118.34232783234299	1	p47ZqnrTrMNvkdMvE_DjPg
2.196624800576736	12.269379330950143	31.756604741937867	1	7BgkrJPeM5dEFs0w-Uh43w
1.3180864156359668	8.812883995320492	87.30740799889516	0	okxVKeIZiPj2JM1mw7--5w
1.817330552473304	7.026201763000386	195.54840210723248	1	WIa6jdWGpQAYgFOyIQKlfw
2.7125874427979455	4.833081643713788	3846.7690792057356	1	zMvqoXki1RIDVfNq6mGzRQ
10.366071366708171	54.1818106291106	688.4004333917229	2	TejpfIq8jyPd8JO16zxe5g
2.2605270444631533	5.451151770684127	4058.579642480724	1	A_z9flDmBDI6OQjQgPxR5g
0.4298541028895881	1.6080871958025564	4.728395131785469	0	2n8pBJzLQhj8igkRG5e3Gg
7.673616420761898	13.826337756535466	1089.6535317481896	2	ZZQFifqW8xewikFZGeOkvw
12.957530100085696	24.82485660419468	2474.888249116368	2	CV5iSbziPaPiZjUtoG9D4w
0.2420970291497318	1.1721325209367368	1.9367762331978544	0	cJKOE6rrBM5z-c2n3HdjvA
15.822208543379173	44.36129113844017	5964.972620853948	2	QnMHjAs4vY_X1rtHuIOjUA
2.3735118039273226	8.64931998493851	33.22916525498252	1	vjKZg-g3zhO3Yzn1ee7ptA
10.55849919419012	14.469483332201808	2111.699838838024	2	gZqUMNqxJARuX1qpSGIJ5Q
1.7721132597810894	4.457289358161921	459.8421255540753	1	cG2FQzJEMgXp7aTTOd8yrw
1.7240946088146585	5.552483767087117	746.3467633989949	1	ivr3qov2s83b5dy0wxparc
1.6549774166342648	4.318030756930077	261.1769510513032	1	FLEHf1ubEMKNtetwMnjYGw
1.510829413785958	3.3350231811102815	176.48904880082046	1	OrcXrPNGWRxoab1e9ZDB0Q
1.6965583154332946	4.974804060862272	290.2963967954755	1	piejxPeH2oA0rhx7aaoJiw
1.8236690638174937	7.581032955643111	769.0540098952835	1	f3hxJxAG3xLmyPWyV9UR9w
1.7123527872755613	4.661622811905716	670.9803026355662	1	68fdZZwQQGr2aciEGpMZQw
1.8842989241734758	6.2901921399833185	180.0579522972448	1	nKCid_SdYgZmPcSPJcntFg
2.142591632827875	28.49968409046681	1297.2128207709416	1	szDnNcR101c4_guHYtSuLg
0.19639384889686604	6.464073916776753	1509.550485711484	0	LH-OgrLZr5ojsMm2CBBtQw
2.24955777314379	4.495747030546064	100.14131382926892	1	IA5E8N5SFGJndS5uuDIUNw
1.5189673184240222	6.57347482642654	244.17095850202472	1	7QYPLfdfUci7Vq21EHSimw
1.188773471662728	3.249691760917055	119.72494265156834	0	M9_kBoASq7nkC8bjXTQ6Tw
1.0086729881949845	1.4028072794174458	22.295707731061942	0	rDp5183CYjwKl3KNfGHOcQ
1.0175790165751333	1.1739659779401672	46.04341534199165	0	2yFTWtRgyFtoUZVhbcKP8g
1.480988315572855	4.168675903472016	383.53746803716444	1	kCRMf6kEC6Eui3Hk2-lAuw
1.4604811610381994	4.01471216114747	399.7702058051811	1	_erpMdLd8A-mS9rv43XmKw
1.7205970596005686	17.650009075432155	477.68592046278684	1	cRJ7CoM0xmFXwT5h1m2SOg
0.12622559053105287	21.91704408519792	915.4484445890599	0	w6zlxm_rEsRHqOL4i99CQw
0.7041120592411135	0.7746889947224531	2.101774496834724	0	lnQaeVrS_yAUSFQ3l07epQ
1.502810440489367	3.6375093115550743	616.639191183359	1	EFLxZ8hOStyPL5SRUvL4Cg
1.4556292519551244	5.275941265712173	264.52859269930076	1	0deVKUnrhjCO3FDVwQyMkg
1.58166274492385	23.677918805158022	654.3481125397012	1	u9ojg3gdqdspssxxza0vtz
1.5451026373747934	8.153797894605015	212.31409850430776	1	wz1xCXA7ZIzoq_RVqbuZFA
1.4628702137292602	5.194078167293917	211.81921833735555	1	Rh_gaRFNclHZWQjN0w1m_Q
1.9150591196600686	6.112241978441523	304.6322842825663	1	sJ27bP9mZtgIIfeZFgGk_g
1.9996836531375148	5.921188973470199	144.84908509866904	1	8x7K9EKwiCBTI9IUOS5pnw
